<?xml version="1.0" encoding="UTF-8"?>
<configuration>
 	<environments default="lostfinderDB">
        <environment id="lostfinderDB">
            <transactionManager type="JDBC"/>
            <dataSource type="JNDI">
                <property name="data_source" value="java:/comp/env/jdbc/lostfinder"/>
            </dataSource>
        </environment>
    </environments>
    <mappers>
        <mapper resource="MemberMapper.xml"/>
        <mapper resource="ServiceboardMapper.xml"/>
    </mappers>
</configuration>
